{
    "enableBootstrapper": false,
    "playerPrefab": {
        "instanceID": 39616
    },
    "playerPrefabPath": "Assets/Scripts/Prefabs/Character/Player.prefab",
    "playerSpawnPosition": {
        "x": 2.7591171264648439,
        "y": 3.955071210861206,
        "z": -6.339746952056885
    },
    "playerSpawnRotation": {
        "x": 0.22979183495044709,
        "y": -0.17550840973854066,
        "z": 0.04217337816953659,
        "w": 0.9563544988632202
    }
}