{
    "enableBootstrapper": false,
    "playerPrefab": {
        "instanceID": 25034
    },
    "playerPrefabPath": "Assets/Scripts/Prefabs/Character/Player.prefab",
    "playerSpawnPosition": {
        "x": -32.8587646484375,
        "y": 6.40610408782959,
        "z": 11.415445327758789
    },
    "playerSpawnRotation": {
        "x": -0.01406188402324915,
        "y": 0.7254312634468079,
        "z": 0.002592756412923336,
        "w": -0.6881462335586548
    }
}